Check ID,Rule Name,Category,Standard,Status,Severity,Page,Message,Object Reference,Evidence,Remediation
PDFUA-SYNTAX-001,PDF Syntax (ISO 32000-1) Core,PDF Syntax (ISO 32000-1),PDF/UA,PASS,CRITICAL,Doc,PDF version 1.7 supports standard accessibility features.,,PDF Version: 1.7,Ensure the PDF is created with compliant PDF 1.7 or 2.0 specifications without syntax corruption.
PDFUA-SYNTAX-001,PDF Syntax (ISO 32000-1) Core,PDF Syntax (ISO 32000-1),PDF/UA,PASS,CRITICAL,Doc,Document is not encrypted; accessibility content extraction is unrestricted.,,Encryption: None,Ensure the PDF is created with compliant PDF 1.7 or 2.0 specifications without syntax corruption.
PDFUA-FONT-001,Fonts Embedded,Fonts,PDF/UA,FAIL,HIGH,1,Font 'Helvetica' is not embedded.,Font Helvetica,"Font: Helvetica, Subtype: Type1, Used on page(s): [1]","Open document in Acrobat Pro Preflight, select 'Embed missing fonts', and save the file."
PDFUA-FONT-002,ToUnicode CMaps,Fonts,PDF/UA,WARNING,HIGH,1,Font 'Helvetica' lacks an explicit /ToUnicode mapping stream.,Font Helvetica,"Font: Helvetica, Encoding: WinAnsiEncoding, Pages: [1]",Convert font to OpenType/TrueType with explicit Unicode mappings before exporting to PDF.
PDFUA-UNICODE-001,Unicode Private Use Area,Fonts,PDF/UA,PASS,HIGH,Doc,No unannounced Unicode Private Use Area (PUA) glyphs detected.,,PUA character check passed.,Replace custom icon/symbol font glyphs with standard Unicode symbols or enclose in a Span with /ActualText.
PDFUA-UNICODE-002,Replacement Characters,Fonts,PDF/UA,PASS,HIGH,Doc,No replacement characters (U+FFFD) detected in extracted text.,,Glyph mapping integrity verified.,Ensure font embedding and ToUnicode CMaps map every glyph to a real character.
PDFUA-CONTENT-001,Tagged PDF,Content,PDF/UA,FAIL,CRITICAL,Doc,Document is NOT a Tagged PDF. Assistive technologies cannot determine reading order or semantics.,,"is_tagged: False, StructTreeRoot present: False",Tag the document using an accessible PDF authoring tool or Adobe Acrobat Pro's 'Autotag Document' feature.
PDFUA-ANNOT-001,Annotations Tagged,Content,PDF/UA,PASS,HIGH,Doc,No interactive annotations found in document.,,Annotation count: 0,Tag untagged annotations or link them using an OBJR (Object Reference) in Acrobat Pro.
PDFUA-EMBEDDED-001,Embedded Files,Embedded Files,PDF/UA,PASS,MEDIUM,Doc,No non-conforming embedded files detected in the document.,,Embedded files check passed.,Ensure attached files are in accessible formats or provide an accessible alternative description.
PDFUA-LANG-001,Document Language,Natural language,PDF/UA,FAIL,HIGH,Doc,Document primary natural language is not specified.,,Catalog dictionary has no /Lang entry.,"Set the document primary language in Document Properties (e.g., 'en-US', 'en', 'es')."
PDFUA-TREE-001,Structure Tree Root,Structure tree,PDF/UA,FAIL,CRITICAL,Doc,No StructTreeRoot exists in the document.,,StructTreeRoot is missing from Catalog.,Add structural tags to the document using an accessible PDF creator or Acrobat Pro.
PDFUA-LIST-001,List Structure Hierarchy,Structure Elements,PDF/UA,PASS,HIGH,Doc,No lists detected in document (or document contains no list structures).,,List count: 0,"In Acrobat Pro Tags panel, re-nest list elements so that L contains LI, and LI contains Lbl and LBody."
PDFUA-TABLE-001,Table Headers & Structure,Structure Elements,PDF/UA,PASS,HIGH,Doc,No tables detected in document.,,Table count: 0,"Identify column or row headers in Acrobat Pro Table Editor, set cell type to Header Cell, and define Scope."
PDFUA-ALT-001,Alternative Descriptions,Alternative Descriptions,PDF/UA,WARNING,HIGH,Doc,Cannot verify figure alternate descriptions because document is untagged.,,No structure tree available.,"In Acrobat Pro, right-click Figure tag > Properties > Tag tab > Alternative Text, and enter a descriptive alternative."
PDFUA-META-001,Metadata,Metadata,PDF/UA,FAIL,HIGH,Doc,No XMP metadata stream found in the PDF catalog dictionary.,,Catalog dictionary lacks /Metadata entry.,Add standard XMP metadata to the document.
PDFUA-META-001,Metadata,Metadata,PDF/UA,FAIL,HIGH,Doc,Document Title is missing from metadata.,,dc:title is empty or missing.,"Provide a concise, descriptive document Title in File > Properties > Title."
PDFUA-META-001,Metadata,Metadata,PDF/UA,WARNING,MEDIUM,Doc,PDF/UA identification flag (pdfuaid:part=1) is missing from XMP metadata.,,XMP lacks <pdfuaid:part>1</pdfuaid:part> namespace declaration.,Add PDF/UA identifier using Acrobat Preflight or your PDF/UA export setting.
PDFUA-SETTINGS-001,Document settings,Document settings,PDF/UA,FAIL,HIGH,Doc,DisplayDocTitle is not set to true. The window title bar will show the filename instead of the document title.,,ViewerPreferences/DisplayDocTitle is false or missing.,Set Initial View > Show > Document Title in File Properties.
PDFUA-SETTINGS-001,Document settings,Document settings,PDF/UA,PASS,HIGH,Doc,Page tab navigation conforms to document structure order.,,Tab order is set to Structure (/Tabs /S) across pages.,"In Acrobat Pro, open File > Properties > Initial View, and under 'Window Options' set 'Show' to 'Document Title' instead of 'File Name'."
WCAG-1.1.1,1.1 Text Alternatives,1.1 Text Alternatives,WCAG,FAIL,HIGH,1,Image on page 1 does not have alternative text.,Image img_p1_8,"Image at (50.0, 160.0, 250.0, 260.0)",Add alternative text or mark image as decorative artifact.
WCAG-1.2,1.2 Time-based Media,1.2 Time-based Media,WCAG,PASS,MEDIUM,Doc,No time-based multimedia or audio/video streams detected.,,No media annotations found.,Provide synchronized captions or text transcripts for embedded media.
WCAG-1.3,1.3 Adaptable,1.3 Adaptable,WCAG,FAIL,CRITICAL,Doc,Untagged document fails Info and Relationships (SC 1.3.1). Structure is lost.,,Document is not tagged.,Tag the document to convey relationships to assistive technologies.
WCAG-1.4,1.4 Distinguishable,1.4 Distinguishable,WCAG,MANUAL REVIEW,MEDIUM,Doc,"Verify color contrast (minimum 4.5:1 for normal text, 3:1 for large text) and ensure color is not the only means of conveying information.",,Color contrast requires visual sampling or human verification.,Verify visual contrast of text against background meets 4.5:1 for regular text and 3:1 for large text.
WCAG-2.1,2.1 Keyboard Accessible,2.1 Keyboard Accessible,WCAG,PASS,HIGH,Doc,Keyboard focus and tab order conform to logical document structure.,,Page tab order is valid.,Ensure page tab navigation follows document structure order.
WCAG-2.2,2.2 Enough Time,2.2 Enough Time,WCAG,PASS,LOW,Doc,"No timed transitions, automated page flips, or timeouts detected.",,Static document presentation.,Do not set automated timeouts or slide transitions without user pause controls.
WCAG-2.3,2.3 Seizures and Physical Reactions,2.3 Seizures and Physical Reactions,WCAG,PASS,CRITICAL,Doc,No flashing or rapid animated content detected in the document.,,No flashing multimedia streams found.,Avoid animations or blinking content that flashes more than three times in any one-second period.
WCAG-2.4,2.4 Navigable,2.4 Navigable,WCAG,FAIL,HIGH,Doc,Document lacks a descriptive Title (WCAG SC 2.4.2 Page Titled).,,Title property is missing or empty.,Add a descriptive title in File Properties.
WCAG-2.4,2.4 Navigable,2.4 Navigable,WCAG,WARNING,HIGH,1,Ambiguous link text 'click here' on page 1 does not convey purpose out of context (SC 2.4.4).,,"Link text: 'click here' at (50.0, 280.0, 120.0, 295.0)",Make link text descriptive of its target destination (e.g. 'Read the 2026 Financial Report').
WCAG-2.5,2.5 Input Modalities,2.5 Input Modalities,WCAG,PASS,LOW,Doc,No input modality conflicts detected with touch or pointer gestures.,,Form and link modalities verified.,Ensure visible text labels match accessible names.
WCAG-3.1,3.1 Readable,3.1 Readable,WCAG,FAIL,HIGH,Doc,Primary language of the document is not specified (WCAG SC 3.1.1).,,Document Catalog lacks /Lang property.,Set the primary language in Document Properties.
WCAG-3.2,3.2 Predictable,3.2 Predictable,WCAG,PASS,MEDIUM,Doc,Interactive fields and links operate predictably without unexpected context changes.,,Action triggers conform to standard behavior.,Avoid automated submit actions or context jumps when form fields receive focus.
WCAG-3.3,3.3 Input Assistance,3.3 Input Assistance,WCAG,PASS,HIGH,Doc,No interactive form fields found in document.,,Form fields count: 0,Provide clear tooltips (/TU) or accessible labels for all interactive form fields.
WCAG-4.1,4.1 Compatible,4.1 Compatible,WCAG,FAIL,HIGH,Doc,Assistive technology compatibility is compromised by untagged structure or restricted extraction permissions.,,"Tagged: False, Allows extraction: True",Enable accessibility extraction and tag the document.
QUAL-TABLE-001,Table Regularity & Symmetry,Table Quality,Quality,PASS,MEDIUM,Doc,No data tables found in document.,,Tables count: 0,Ensure table cells align evenly and provide descriptive column and row headers.
QUAL-LINK-001,Meaningful Link Labels,Link Quality,Quality,WARNING,LOW,1,Ambiguous link label 'click here' on page 1 provides insufficient context out of context.,,Link text: 'click here' targeting https://example.com/unlabeled,"Change the link label to describe the specific destination or topic (e.g., 'Download Annual Report 2026')."
AI-ALT-001,Alt-Text Semantic Quality,AI Alt-Text Evaluation,AI,PASS,MEDIUM,Doc,No figures present requiring AI semantic evaluation.,,Figure count: 0,"Write concise, descriptive alt text that explains what the image illustrates without saying 'image of' or 'graphic of'."
AI-READ-001,Cognitive Readability Score,Cognitive Accessibility,AI,WARNING,INFO,Doc,Flesch Reading Ease score: 34.8/100 (Difficult / Academic). Avg sentence length: 8.0 words.,,"Words: 16, Sentences: 2, Syllables: 31, Reading Score: 34.8",Simplify sentence structures and reduce jargon where possible for broad audience comprehension.
AI-OUTLINE-001,Structural Outline Consistency,Structural AI,AI,PASS,INFO,Doc,Document structural outline and navigation elements are well-proportioned.,,"Bookmarks: 0, Pages: 1",Synchronize document bookmarks with the heading hierarchy.
